{
  "meta": {
    "n": 28,
    "top_k": 5,
    "top_n": 30,
    "rrf_k": 60
  },
  "retrieval": {
    "bm25": {
      "recall": 0.4107142857142857,
      "precision": 0.09285714285714286,
      "mrr": 0.325,
      "hit": 0.4642857142857143,
      "ndcg": 0.3362692391171043,
      "map": 0.30357142857142855,
      "empty": 0,
      "success_rate": 1.0
    },
    "hybrid": {
      "recall": 0.8214285714285714,
      "precision": 0.2,
      "mrr": 0.6845238095238095,
      "hit": 0.8571428571428571,
      "ndcg": 0.6991020933665624,
      "map": 0.644047619047619,
      "empty": 0,
      "success_rate": 1.0
    },
    "hybrid_rerank": {
      "recall": 0.875,
      "precision": 0.21428571428571427,
      "mrr": 0.7541666666666667,
      "hit": 0.8928571428571429,
      "ndcg": 0.7734295772684472,
      "map": 0.7315476190476191,
      "empty": 0,
      "success_rate": 1.0
    }
  }
}