{
  "meta": {
    "n": 28,
    "top_k": 5,
    "top_n": 30,
    "rrf_k": 60
  },
  "retrieval": {
    "bm25": {
      "recall": 0.4107142857142857,
      "precision": 0.09285714285714286,
      "mrr": 0.325,
      "hit": 0.4642857142857143,
      "empty": 0
    },
    "hybrid": {
      "recall": 0.8214285714285714,
      "precision": 0.23571428571428574,
      "mrr": 0.6845238095238095,
      "hit": 0.8571428571428571,
      "empty": 0
    },
    "hybrid_rerank": {
      "recall": 0.875,
      "precision": 0.2857142857142857,
      "mrr": 0.7541666666666667,
      "hit": 0.8928571428571429,
      "empty": 0
    }
  }
}